date,description,category,amount,merchant,type
2025-04-13 01:22:58.635358,Transaction - Transfer,Other,18.29,Transfer,debit
2025-04-13 02:49:58.635358,Taxi ride,Transportation,3.81,Taxi,debit
2025-04-13 23:09:58.635358,Bill payment - Cable,Bills & Utilities,100.87,Cable,debit
2025-04-14 08:24:58.635358,Purchase at McDonald's,Food & Dining,23.58,McDonald's,debit
2025-04-15 05:38:58.635358,Medical expense - Prescription,Healthcare,252.71,Prescription,debit
2025-04-16 02:27:58.635358,Purchase at Food Truck,Food & Dining,10.82,Food Truck,debit
2025-04-16 14:04:58.635358,Salary Deposit,Income,3687.59,Employer,credit
2025-04-18 11:45:58.635358,Insurance payment - Home Insurance,Insurance,196.03,Home Insurance,debit
2025-04-18 14:04:58.635358,Salary Deposit,Income,4018.6,Employer,credit
2025-04-19 08:22:58.635358,Bill payment - Electric Company,Bills & Utilities,86.1,Electric Company,debit
2025-04-19 09:48:58.635358,Bill payment - Electric Company,Bills & Utilities,158.28,Electric Company,debit
2025-04-19 22:52:58.635358,Gas purchase - Chevron,Gas,48.17,Chevron,debit
2025-04-19 23:38:58.635358,Transaction - ATM Withdrawal,Other,47.66,ATM Withdrawal,credit
2025-04-20 02:58:58.635358,Gas purchase - Chevron,Gas,41.92,Chevron,debit
2025-04-20 03:30:58.635358,Purchase at Local Restaurant,Food & Dining,12.56,Local Restaurant,debit
2025-04-20 07:56:58.635358,Gas purchase - Exxon,Gas,49.08,Exxon,debit
2025-04-20 12:23:58.635358,Taxi ride,Transportation,11.44,Taxi,debit
2025-04-22 07:50:58.635358,Grocery shopping - Kroger,Groceries,146.69,Kroger,credit
2025-04-22 10:08:58.635358,Bill payment - Internet Provider,Bills & Utilities,96.01,Internet Provider,debit
2025-04-23 10:43:58.635358,Lyft ride,Transportation,17.93,Lyft,debit
2025-04-23 22:31:58.635358,Bill payment - Cable,Bills & Utilities,210.63,Cable,debit
2025-04-24 02:41:58.635358,Travel expense - Rental Car,Travel,1534.97,Rental Car,debit
2025-04-24 08:02:58.635358,Online purchase - Walmart,Shopping,35.72,Walmart,debit
2025-04-25 10:24:58.635358,Online purchase - Walmart,Shopping,65.23,Walmart,credit
2025-04-25 10:46:58.635358,Transaction - Cash,Other,20.57,Cash,credit
2025-04-26 06:52:58.635358,Subscription - Netflix,Entertainment,22.61,Netflix,debit
2025-04-26 09:10:58.635358,Purchase at Local Restaurant,Food & Dining,24.95,Local Restaurant,debit
2025-04-26 09:46:58.635358,Insurance payment - Home Insurance,Insurance,348.99,Home Insurance,debit
2025-04-27 03:34:58.635358,Online purchase - Nike,Shopping,58.76,Nike,debit
2025-04-27 04:01:58.635358,Gas purchase - Exxon,Gas,41.33,Exxon,debit
2025-04-27 23:54:58.635358,Medical expense - Urgent Care,Healthcare,239.24,Urgent Care,debit
2025-04-28 11:45:58.635358,Metro ride,Transportation,14.4,Metro,debit
2025-04-29 03:29:58.635358,Purchase at Local Restaurant,Food & Dining,25.4,Local Restaurant,debit
2025-04-29 05:15:58.635358,Lyft ride,Transportation,7.57,Lyft,debit
2025-04-29 07:18:58.635358,Uber ride,Transportation,12.38,Uber,debit
2025-04-29 11:32:58.635358,Gas purchase - Chevron,Gas,79.78,Chevron,debit
2025-04-29 22:36:58.635358,Purchase at Starbucks,Food & Dining,42.46,Starbucks,debit
2025-04-30 02:56:58.635358,Grocery shopping - Whole Foods,Groceries,126.63,Whole Foods,credit
2025-04-30 05:47:58.635358,Subscription - Spotify,Entertainment,41.75,Spotify,debit
2025-04-30 08:10:58.635358,Grocery shopping - Safeway,Groceries,118.84,Safeway,debit
2025-05-01 00:13:58.635358,Parking ride,Transportation,8.5,Parking,credit
2025-05-01 03:51:58.635358,Parking ride,Transportation,4.96,Parking,debit
2025-05-03 02:05:58.635358,Gas purchase - Local Gas Station,Gas,66.5,Local Gas Station,credit
2025-05-03 11:33:58.635358,Toll Road ride,Transportation,22.75,Toll Road,debit
2025-05-03 23:41:58.635358,Grocery shopping - Whole Foods,Groceries,82.35,Whole Foods,debit
2025-05-04 03:57:58.635358,Grocery shopping - Costco,Groceries,66.75,Costco,debit
2025-05-05 05:49:58.635358,Taxi ride,Transportation,14.13,Taxi,debit
2025-05-05 11:55:58.635358,Purchase at Chipotle,Food & Dining,18.77,Chipotle,debit
2025-05-06 02:49:58.635358,Grocery shopping - Whole Foods,Groceries,44.67,Whole Foods,debit
2025-05-06 04:36:58.635358,Online purchase - Walmart,Shopping,28.24,Walmart,debit
2025-05-06 05:52:58.635358,Online purchase - Zara,Shopping,31.03,Zara,debit
2025-05-07 07:00:58.635358,Grocery shopping - Trader Joe's,Groceries,142.18,Trader Joe's,debit
2025-05-07 11:04:58.635358,Gas purchase - Local Gas Station,Gas,44.36,Local Gas Station,debit
2025-05-07 23:22:58.635358,Medical expense - Dentist,Healthcare,312.43,Dentist,debit
2025-05-09 00:31:58.635358,Medical expense - Doctor Visit,Healthcare,176.69,Doctor Visit,debit
2025-05-09 05:12:58.635358,Metro ride,Transportation,9.33,Metro,debit
2025-05-09 11:12:58.635358,Bill payment - Phone Bill,Bills & Utilities,65.14,Phone Bill,debit
2025-05-10 05:16:58.635358,Subscription - Netflix,Entertainment,35.42,Netflix,debit
2025-05-10 07:46:58.635358,Toll Road ride,Transportation,6.17,Toll Road,debit
2025-05-10 10:30:58.635358,Insurance payment - Life Insurance,Insurance,324.22,Life Insurance,debit
2025-05-11 14:04:58.635358,Salary Deposit,Income,4221.05,Employer,credit
2025-05-12 01:20:58.635358,Gas purchase - BP,Gas,60.32,BP,debit
2025-05-12 09:23:58.635358,Grocery shopping - Kroger,Groceries,136.3,Kroger,credit
2025-05-13 01:47:58.635358,Education - Online Course,Education,211.51,Online Course,credit
2025-05-13 09:03:58.635358,Gas purchase - BP,Gas,39.18,BP,debit
2025-05-13 14:04:58.635358,Salary Deposit,Income,4494.02,Employer,credit
2025-05-14 05:05:58.635358,Metro ride,Transportation,14.89,Metro,debit
2025-05-14 05:48:58.635358,Bill payment - Phone Bill,Bills & Utilities,98.78,Phone Bill,debit
2025-05-14 09:08:58.635358,Insurance payment - Home Insurance,Insurance,354.58,Home Insurance,debit
2025-05-16 02:37:58.635358,Bill payment - Internet Provider,Bills & Utilities,260.35,Internet Provider,debit
2025-05-16 09:54:58.635358,Gas purchase - Local Gas Station,Gas,43.8,Local Gas Station,debit
2025-05-17 07:15:58.635358,Purchase at McDonald's,Food & Dining,8.64,McDonald's,debit
2025-05-18 01:29:58.635358,Purchase at Chipotle,Food & Dining,34.68,Chipotle,debit
2025-05-18 11:26:58.635358,Purchase at Food Truck,Food & Dining,11.29,Food Truck,credit
2025-05-18 23:41:58.635358,Subscription - Movie Theater,Entertainment,43.84,Movie Theater,credit
2025-05-20 00:32:58.635358,Uber ride,Transportation,15.05,Uber,debit
2025-05-20 02:55:58.635358,Subscription - Arcade,Entertainment,84.26,Arcade,debit
2025-05-20 22:59:58.635358,Bill payment - Internet Provider,Bills & Utilities,200.96,Internet Provider,debit
2025-05-20 23:52:58.635358,Online purchase - Best Buy,Shopping,49.14,Best Buy,debit
2025-05-21 00:30:58.635358,Online purchase - Zara,Shopping,175.99,Zara,debit
2025-05-22 03:54:58.635358,Gas purchase - Exxon,Gas,45.34,Exxon,debit
2025-05-22 04:47:58.635358,Bill payment - Internet Provider,Bills & Utilities,191.51,Internet Provider,debit
2025-05-23 05:00:58.635358,Grocery shopping - Whole Foods,Groceries,121.02,Whole Foods,debit
2025-05-23 07:27:58.635358,Purchase at Food Truck,Food & Dining,10.25,Food Truck,debit
2025-05-23 08:22:58.635358,Uber ride,Transportation,15.48,Uber,debit
2025-05-23 08:46:58.635358,Online purchase - Zara,Shopping,156.11,Zara,debit
2025-05-23 08:56:58.635358,Medical expense - Dentist,Healthcare,203.74,Dentist,debit
2025-05-23 11:29:58.635358,Lyft ride,Transportation,4.2,Lyft,debit
2025-05-25 02:42:58.635358,Housing payment - Property Management,Rent/Mortgage,1374.62,Property Management,debit
2025-05-25 08:04:58.635358,Bill payment - Internet Provider,Bills & Utilities,121.94,Internet Provider,debit
2025-05-25 12:21:58.635358,Purchase at Pizza Hut,Food & Dining,31.57,Pizza Hut,debit
2025-05-25 22:28:58.635358,Travel expense - Rental Car,Travel,686.42,Rental Car,debit
2025-05-26 01:53:58.635358,Medical expense - Dentist,Healthcare,334.41,Dentist,debit
2025-05-27 01:51:58.635358,Transaction - Cash,Other,13.64,Cash,debit
2025-05-27 12:13:58.635358,Bill payment - Internet Provider,Bills & Utilities,282.83,Internet Provider,debit
2025-05-27 22:47:58.635358,Grocery shopping - Safeway,Groceries,101.24,Safeway,debit
2025-05-28 06:12:58.635358,Uber ride,Transportation,3.73,Uber,debit
2025-05-28 09:34:58.635358,Grocery shopping - Trader Joe's,Groceries,57.02,Trader Joe's,debit
2025-05-29 00:39:58.635358,Grocery shopping - Whole Foods,Groceries,147.27,Whole Foods,debit
2025-05-29 01:46:58.635358,Grocery shopping - Whole Foods,Groceries,87.0,Whole Foods,debit
2025-05-29 06:26:58.635358,Taxi ride,Transportation,15.24,Taxi,debit
2025-05-30 09:22:58.635358,Purchase at Chipotle,Food & Dining,42.26,Chipotle,debit
2025-05-31 09:44:58.635358,Gas purchase - Chevron,Gas,58.29,Chevron,debit
2025-06-01 00:03:58.635358,Bill payment - Cable,Bills & Utilities,231.86,Cable,debit
2025-06-01 03:20:58.635358,Travel expense - Travel Insurance,Travel,804.51,Travel Insurance,debit
2025-06-01 09:08:58.635358,Metro ride,Transportation,7.28,Metro,debit
2025-06-01 12:46:58.635358,Grocery shopping - Kroger,Groceries,54.7,Kroger,debit
2025-06-01 22:25:58.635358,Online purchase - Nike,Shopping,107.84,Nike,debit
2025-06-02 00:13:58.635358,Grocery shopping - Safeway,Groceries,122.87,Safeway,debit
2025-06-02 08:09:58.635358,Subscription - Movie Theater,Entertainment,83.48,Movie Theater,debit
2025-06-02 08:45:58.635358,Grocery shopping - Safeway,Groceries,146.06,Safeway,debit
2025-06-02 23:02:58.635358,Bill payment - Phone Bill,Bills & Utilities,103.12,Phone Bill,debit
2025-06-03 03:11:58.635358,Purchase at McDonald's,Food & Dining,11.85,McDonald's,debit
2025-06-03 04:22:58.635358,Grocery shopping - Kroger,Groceries,136.99,Kroger,credit
2025-06-03 08:10:58.635358,Purchase at Starbucks,Food & Dining,29.58,Starbucks,debit
2025-06-03 09:27:58.635358,Gas purchase - Exxon,Gas,43.88,Exxon,credit
2025-06-03 10:28:58.635358,Grocery shopping - Kroger,Groceries,137.63,Kroger,debit
2025-06-03 23:22:58.635358,Subscription - Arcade,Entertainment,59.17,Arcade,debit
2025-06-04 22:47:58.635358,Travel expense - Travel Insurance,Travel,1569.54,Travel Insurance,debit
2025-06-05 02:32:58.635358,Grocery shopping - Costco,Groceries,119.79,Costco,debit
2025-06-05 03:03:58.635358,Parking ride,Transportation,11.48,Parking,debit
2025-06-05 05:50:58.635358,Metro ride,Transportation,10.45,Metro,debit
2025-06-06 11:20:58.635358,Online purchase - Best Buy,Shopping,33.99,Best Buy,debit
2025-06-10 08:42:58.635358,Housing payment - HOA,Rent/Mortgage,1490.72,HOA,debit
2025-06-12 08:42:58.635358,Bill payment - Cable,Bills & Utilities,125.87,Cable,debit
2025-06-13 11:10:58.635358,Subscription - Spotify,Entertainment,32.78,Spotify,debit
2025-06-14 00:20:58.635358,Travel expense - Hotel,Travel,772.93,Hotel,debit
2025-06-14 09:41:58.635358,Online purchase - Walmart,Shopping,32.47,Walmart,debit
2025-06-15 06:28:58.635358,Bill payment - Phone Bill,Bills & Utilities,277.35,Phone Bill,credit
2025-06-16 02:56:58.635358,Subscription - Arcade,Entertainment,40.89,Arcade,debit
2025-06-16 06:23:58.635358,Housing payment - Mortgage Company,Rent/Mortgage,1256.35,Mortgage Company,debit
2025-06-16 12:34:58.635358,Travel expense - Rental Car,Travel,1017.12,Rental Car,debit
2025-06-17 00:54:58.635358,Taxi ride,Transportation,20.61,Taxi,debit
2025-06-17 01:43:58.635358,Subscription - Concert,Entertainment,32.17,Concert,debit
2025-06-18 01:33:58.635358,Grocery shopping - Trader Joe's,Groceries,147.72,Trader Joe's,debit
2025-06-18 03:45:58.635358,Grocery shopping - Trader Joe's,Groceries,148.77,Trader Joe's,debit
2025-06-18 05:30:58.635358,Bill payment - Internet Provider,Bills & Utilities,233.34,Internet Provider,credit
2025-06-18 06:09:58.635358,Bill payment - Phone Bill,Bills & Utilities,263.94,Phone Bill,debit
2025-06-18 06:20:58.635358,Lyft ride,Transportation,11.29,Lyft,debit
2025-06-19 03:24:58.635358,Taxi ride,Transportation,16.18,Taxi,debit
2025-06-19 03:25:58.635358,Purchase at Food Truck,Food & Dining,16.3,Food Truck,debit
2025-06-19 09:23:58.635358,Medical expense - Prescription,Healthcare,157.43,Prescription,credit
2025-06-19 14:04:58.635358,Salary Deposit,Income,3199.03,Employer,credit
2025-06-21 06:31:58.635358,Grocery shopping - Whole Foods,Groceries,77.39,Whole Foods,debit
2025-06-22 03:19:58.635358,Online purchase - Walmart,Shopping,189.84,Walmart,debit
2025-06-22 08:22:58.635358,Insurance payment - Life Insurance,Insurance,114.1,Life Insurance,debit
2025-06-23 03:59:58.635358,Medical expense - Urgent Care,Healthcare,34.01,Urgent Care,debit
2025-06-24 10:15:58.635358,Grocery shopping - Safeway,Groceries,114.28,Safeway,debit
2025-06-25 10:42:58.635358,Gas purchase - Local Gas Station,Gas,41.78,Local Gas Station,debit
2025-06-26 04:50:58.635358,Insurance payment - Home Insurance,Insurance,328.01,Home Insurance,debit
2025-06-26 06:08:58.635358,Grocery shopping - Kroger,Groceries,97.3,Kroger,debit
2025-06-26 06:38:58.635358,Online purchase - Zara,Shopping,130.83,Zara,debit
2025-06-26 06:45:58.635358,Purchase at Starbucks,Food & Dining,20.14,Starbucks,debit
2025-06-26 08:44:58.635358,Grocery shopping - Costco,Groceries,56.7,Costco,debit
2025-06-26 09:13:58.635358,Gas purchase - Exxon,Gas,43.34,Exxon,debit
2025-06-27 02:19:58.635358,Gas purchase - Chevron,Gas,75.32,Chevron,debit
2025-06-27 02:23:58.635358,Grocery shopping - Whole Foods,Groceries,85.05,Whole Foods,debit
2025-06-27 09:54:58.635358,Subscription - Arcade,Entertainment,16.37,Arcade,debit
2025-06-27 22:33:58.635358,Bill payment - Electric Company,Bills & Utilities,135.98,Electric Company,debit
2025-06-27 23:08:58.635358,Travel expense - Rental Car,Travel,1703.21,Rental Car,credit
2025-06-28 07:37:58.635358,Purchase at Pizza Hut,Food & Dining,25.58,Pizza Hut,debit
2025-06-28 10:58:58.635358,Online purchase - Walmart,Shopping,130.89,Walmart,debit
2025-06-28 12:53:58.635358,Subscription - Concert,Entertainment,40.15,Concert,debit
2025-06-29 11:26:58.635358,Insurance payment - Auto Insurance,Insurance,254.73,Auto Insurance,debit
2025-06-30 01:41:58.635358,Gas purchase - Shell,Gas,40.66,Shell,debit
2025-06-30 03:43:58.635358,Grocery shopping - Kroger,Groceries,68.33,Kroger,debit
2025-06-30 04:27:58.635358,Purchase at Pizza Hut,Food & Dining,39.11,Pizza Hut,debit
2025-07-01 10:18:58.635358,Grocery shopping - Kroger,Groceries,51.76,Kroger,debit
2025-07-02 23:57:58.635358,Bill payment - Electric Company,Bills & Utilities,218.94,Electric Company,debit
2025-07-04 23:43:58.635358,Purchase at McDonald's,Food & Dining,41.2,McDonald's,debit
2025-07-05 23:47:58.635358,Grocery shopping - Trader Joe's,Groceries,46.17,Trader Joe's,debit
2025-07-06 11:05:58.635358,Bill payment - Cable,Bills & Utilities,157.42,Cable,debit
2025-07-07 05:55:58.635358,Purchase at Pizza Hut,Food & Dining,39.75,Pizza Hut,debit
2025-07-07 06:56:58.635358,Bill payment - Electric Company,Bills & Utilities,91.38,Electric Company,credit
2025-07-07 11:15:58.635358,Uber ride,Transportation,20.55,Uber,debit
2025-07-07 11:46:58.635358,Transaction - Transfer,Other,37.43,Transfer,credit
2025-07-08 23:59:58.635358,Subscription - Movie Theater,Entertainment,48.81,Movie Theater,credit
2025-07-10 01:38:58.635358,Uber ride,Transportation,5.86,Uber,debit
2025-07-10 02:06:58.635358,Online purchase - Zara,Shopping,69.43,Zara,debit
2025-07-10 04:15:58.635358,Grocery shopping - Safeway,Groceries,67.54,Safeway,debit
2025-07-10 12:25:58.635358,Grocery shopping - Trader Joe's,Groceries,52.44,Trader Joe's,credit
2025-07-11 00:26:58.635358,Subscription - Movie Theater,Entertainment,51.22,Movie Theater,debit
2025-07-11 01:38:58.635358,Medical expense - CVS Pharmacy,Healthcare,26.13,CVS Pharmacy,debit
2025-07-11 10:45:58.635358,Online purchase - Target,Shopping,177.67,Target,debit
2025-07-11 12:32:58.635358,Online purchase - Target,Shopping,63.84,Target,debit
2025-07-12 03:54:58.635358,Online purchase - Best Buy,Shopping,147.92,Best Buy,debit
2025-07-12 05:35:58.635358,Gas purchase - Local Gas Station,Gas,74.55,Local Gas Station,debit
2025-07-13 02:31:58.635358,Housing payment - Landlord,Rent/Mortgage,1145.16,Landlord,debit
2025-07-13 10:42:58.635358,Online purchase - Zara,Shopping,66.84,Zara,debit
2025-07-13 12:32:58.635358,Online purchase - Best Buy,Shopping,36.4,Best Buy,debit
2025-07-13 23:14:58.635358,Subscription - Movie Theater,Entertainment,75.72,Movie Theater,debit
2025-07-14 10:08:58.635358,Parking ride,Transportation,16.95,Parking,debit
2025-07-15 22:07:58.635358,Travel expense - Rental Car,Travel,833.46,Rental Car,credit
2025-07-16 09:05:58.635358,Housing payment - Mortgage Company,Rent/Mortgage,940.93,Mortgage Company,debit
2025-07-16 22:39:58.635358,Grocery shopping - Whole Foods,Groceries,62.06,Whole Foods,credit
2025-07-17 07:26:58.635358,Bill payment - Electric Company,Bills & Utilities,117.14,Electric Company,debit
2025-07-17 22:13:58.635358,Bill payment - Water Bill,Bills & Utilities,172.89,Water Bill,debit
2025-07-18 05:33:58.635358,Gas purchase - BP,Gas,74.25,BP,debit
2025-07-18 10:43:58.635358,Bill payment - Cable,Bills & Utilities,129.34,Cable,debit
2025-07-19 07:48:58.635358,Grocery shopping - Safeway,Groceries,94.98,Safeway,credit
2025-07-19 12:18:58.635358,Medical expense - CVS Pharmacy,Healthcare,406.68,CVS Pharmacy,debit
2025-07-20 22:22:58.635358,Bill payment - Phone Bill,Bills & Utilities,182.52,Phone Bill,credit
2025-07-20 23:14:58.635358,Uber ride,Transportation,22.19,Uber,debit
2025-07-21 03:34:58.635358,Purchase at Local Restaurant,Food & Dining,28.42,Local Restaurant,debit
2025-07-21 09:38:58.635358,Lyft ride,Transportation,20.08,Lyft,debit
2025-07-21 10:28:58.635358,Bill payment - Cable,Bills & Utilities,209.0,Cable,debit
2025-07-23 22:47:58.635358,Insurance payment - Life Insurance,Insurance,189.69,Life Insurance,credit
2025-07-24 03:15:58.635358,Medical expense - Prescription,Healthcare,225.29,Prescription,credit
2025-07-24 05:59:58.635358,Grocery shopping - Whole Foods,Groceries,110.92,Whole Foods,debit
2025-07-24 22:31:58.635358,Subscription - Netflix,Entertainment,49.44,Netflix,debit
2025-07-25 02:52:58.635358,Bill payment - Water Bill,Bills & Utilities,295.65,Water Bill,credit
2025-07-25 10:45:58.635358,Online purchase - Walmart,Shopping,86.03,Walmart,debit
2025-07-25 22:11:58.635358,Bill payment - Electric Company,Bills & Utilities,137.86,Electric Company,credit
2025-07-25 22:32:58.635358,Grocery shopping - Costco,Groceries,44.51,Costco,debit
2025-07-26 01:35:58.635358,Grocery shopping - Whole Foods,Groceries,70.44,Whole Foods,debit
2025-07-26 10:32:58.635358,Insurance payment - Home Insurance,Insurance,229.11,Home Insurance,debit
2025-07-26 23:22:58.635358,Toll Road ride,Transportation,11.73,Toll Road,debit
2025-07-27 05:51:58.635358,Purchase at Food Truck,Food & Dining,26.78,Food Truck,debit
2025-07-27 09:51:58.635358,Uber ride,Transportation,19.45,Uber,credit
2025-07-27 11:33:58.635358,Subscription - Arcade,Entertainment,40.44,Arcade,debit
2025-07-27 22:04:58.635358,Metro ride,Transportation,23.17,Metro,debit
2025-07-28 02:42:58.635358,Grocery shopping - Costco,Groceries,47.58,Costco,debit
2025-07-29 06:30:58.635358,Medical expense - CVS Pharmacy,Healthcare,100.64,CVS Pharmacy,debit
2025-07-29 10:05:58.635358,Bill payment - Water Bill,Bills & Utilities,71.86,Water Bill,debit
2025-07-29 11:49:58.635358,Grocery shopping - Whole Foods,Groceries,68.52,Whole Foods,debit
2025-07-29 14:04:58.635358,Salary Deposit,Income,3776.86,Employer,credit
2025-07-30 08:06:58.635358,Medical expense - Doctor Visit,Healthcare,250.43,Doctor Visit,debit
2025-07-30 10:17:58.635358,Online purchase - Amazon,Shopping,36.25,Amazon,debit
2025-07-31 00:18:58.635358,Transaction - Miscellaneous,Other,38.39,Miscellaneous,debit
2025-08-01 22:18:58.635358,Insurance payment - Home Insurance,Insurance,252.0,Home Insurance,debit
2025-08-02 02:07:58.635358,Bill payment - Phone Bill,Bills & Utilities,204.81,Phone Bill,debit
2025-08-02 10:24:58.635358,Housing payment - HOA,Rent/Mortgage,1937.33,HOA,debit
2025-08-03 22:54:58.635358,Purchase at Food Truck,Food & Dining,14.13,Food Truck,debit
2025-08-04 09:08:58.635358,Purchase at Pizza Hut,Food & Dining,33.29,Pizza Hut,debit
2025-08-04 11:06:58.635358,Subscription - Bowling,Entertainment,61.38,Bowling,debit
2025-08-05 22:07:58.635358,Online purchase - Nike,Shopping,32.96,Nike,credit
2025-08-06 01:24:58.635358,Toll Road ride,Transportation,18.09,Toll Road,debit
2025-08-07 03:20:58.635358,Transaction - Bank Fee,Other,5.73,Bank Fee,debit
2025-08-07 08:52:58.635358,Grocery shopping - Trader Joe's,Groceries,79.29,Trader Joe's,debit
2025-08-07 09:09:58.635358,Purchase at Chipotle,Food & Dining,28.08,Chipotle,debit
2025-08-09 02:03:58.635358,Subscription - Bowling,Entertainment,47.83,Bowling,debit
2025-08-09 03:36:58.635358,Online purchase - Best Buy,Shopping,93.89,Best Buy,debit
2025-08-09 04:02:58.635358,Insurance payment - Health Insurance,Insurance,327.77,Health Insurance,debit
2025-08-09 05:11:58.635358,Bill payment - Phone Bill,Bills & Utilities,89.32,Phone Bill,debit
2025-08-10 03:05:58.635358,Purchase at Starbucks,Food & Dining,28.58,Starbucks,debit
2025-08-10 06:01:58.635358,Bill payment - Water Bill,Bills & Utilities,89.94,Water Bill,debit
2025-08-11 09:09:58.635358,Transaction - ATM Withdrawal,Other,22.91,ATM Withdrawal,debit
2025-08-12 10:09:58.635358,Bill payment - Phone Bill,Bills & Utilities,216.51,Phone Bill,debit
2025-08-13 02:45:58.635358,Purchase at McDonald's,Food & Dining,21.18,McDonald's,debit
2025-08-14 05:30:58.635358,Purchase at Chipotle,Food & Dining,43.84,Chipotle,debit
2025-08-14 11:44:58.635358,Online purchase - Target,Shopping,66.94,Target,debit
2025-08-15 07:13:58.635358,Online purchase - Amazon,Shopping,26.69,Amazon,debit
2025-08-16 02:11:58.635358,Transaction - Bank Fee,Other,31.87,Bank Fee,debit
2025-08-16 02:19:58.635358,Bill payment - Phone Bill,Bills & Utilities,281.6,Phone Bill,credit
2025-08-16 06:32:58.635358,Bill payment - Cable,Bills & Utilities,101.08,Cable,debit
2025-08-17 00:47:58.635358,Purchase at Starbucks,Food & Dining,20.98,Starbucks,debit
2025-08-17 05:56:58.635358,Bill payment - Internet Provider,Bills & Utilities,117.2,Internet Provider,debit
2025-08-17 22:29:58.635358,Purchase at Food Truck,Food & Dining,41.82,Food Truck,debit
2025-08-18 06:18:58.635358,Purchase at Local Restaurant,Food & Dining,29.52,Local Restaurant,debit
2025-08-18 09:37:58.635358,Purchase at Chipotle,Food & Dining,31.71,Chipotle,debit
2025-08-18 23:40:58.635358,Subscription - Bowling,Entertainment,54.56,Bowling,debit
2025-08-19 03:11:58.635358,Bill payment - Internet Provider,Bills & Utilities,189.47,Internet Provider,debit
2025-08-19 09:41:58.635358,Online purchase - Zara,Shopping,111.54,Zara,debit
2025-08-20 06:12:58.635358,Bill payment - Water Bill,Bills & Utilities,87.09,Water Bill,debit
2025-08-20 07:30:58.635358,Gas purchase - Local Gas Station,Gas,69.29,Local Gas Station,debit
2025-08-21 03:27:58.635358,Grocery shopping - Trader Joe's,Groceries,94.37,Trader Joe's,debit
2025-08-22 06:16:58.635358,Education - University,Education,117.45,University,debit
2025-08-22 09:45:58.635358,Grocery shopping - Costco,Groceries,73.42,Costco,debit
2025-08-23 04:33:58.635358,Metro ride,Transportation,7.7,Metro,debit
2025-08-23 04:53:58.635358,Online purchase - Nike,Shopping,154.99,Nike,credit
2025-08-24 12:26:58.635358,Grocery shopping - Safeway,Groceries,68.86,Safeway,debit
2025-08-25 02:07:58.635358,Uber ride,Transportation,22.23,Uber,debit
2025-08-25 03:18:58.635358,Lyft ride,Transportation,7.55,Lyft,debit
2025-08-25 03:42:58.635358,Lyft ride,Transportation,8.86,Lyft,debit
2025-08-25 13:03:58.635358,Purchase at Chipotle,Food & Dining,24.22,Chipotle,debit
2025-08-26 09:33:58.635358,Online purchase - Target,Shopping,112.88,Target,debit
2025-08-27 02:30:58.635358,Subscription - Movie Theater,Entertainment,38.14,Movie Theater,debit
2025-08-27 02:36:58.635358,Purchase at Food Truck,Food & Dining,14.15,Food Truck,credit
2025-08-27 04:58:58.635358,Online purchase - Nike,Shopping,144.76,Nike,debit
2025-08-28 03:14:58.635358,Medical expense - CVS Pharmacy,Healthcare,137.24,CVS Pharmacy,debit
2025-08-29 02:52:58.635358,Insurance payment - Health Insurance,Insurance,339.38,Health Insurance,debit
2025-08-30 09:40:58.635358,Bill payment - Internet Provider,Bills & Utilities,180.33,Internet Provider,debit
2025-08-30 23:14:58.635358,Grocery shopping - Trader Joe's,Groceries,100.41,Trader Joe's,debit
2025-08-30 23:17:58.635358,Insurance payment - Health Insurance,Insurance,384.25,Health Insurance,debit
2025-08-31 02:48:58.635358,Transaction - Miscellaneous,Other,12.24,Miscellaneous,debit
2025-08-31 05:24:58.635358,Travel expense - Airline,Travel,441.09,Airline,debit
2025-08-31 06:09:58.635358,Parking ride,Transportation,8.29,Parking,debit
2025-08-31 06:14:58.635358,Online purchase - Zara,Shopping,91.11,Zara,debit
2025-08-31 10:34:58.635358,Subscription - Movie Theater,Entertainment,44.81,Movie Theater,debit
2025-09-01 00:37:58.635358,Online purchase - Target,Shopping,25.4,Target,debit
2025-09-01 03:07:58.635358,Grocery shopping - Safeway,Groceries,61.87,Safeway,debit
2025-09-01 07:48:58.635358,Insurance payment - Health Insurance,Insurance,301.69,Health Insurance,debit
2025-09-01 12:50:58.635358,Insurance payment - Auto Insurance,Insurance,358.22,Auto Insurance,credit
2025-09-01 23:38:58.635358,Grocery shopping - Whole Foods,Groceries,105.14,Whole Foods,debit
2025-09-02 02:00:58.635358,Subscription - Arcade,Entertainment,78.22,Arcade,credit
2025-09-02 06:28:58.635358,Travel expense - Hotel,Travel,831.28,Hotel,debit
2025-09-02 12:51:58.635358,Bill payment - Internet Provider,Bills & Utilities,90.96,Internet Provider,debit
2025-09-02 23:45:58.635358,Travel expense - Airbnb,Travel,739.51,Airbnb,debit
2025-09-03 02:15:58.635358,Grocery shopping - Costco,Groceries,106.42,Costco,debit
2025-09-03 23:34:58.635358,Subscription - Arcade,Entertainment,39.69,Arcade,debit
2025-09-04 03:14:58.635358,Online purchase - Walmart,Shopping,92.38,Walmart,debit
2025-09-04 11:40:58.635358,Grocery shopping - Safeway,Groceries,118.36,Safeway,credit
2025-09-04 12:04:58.635358,Insurance payment - Home Insurance,Insurance,177.7,Home Insurance,debit
2025-09-05 22:59:58.635358,Grocery shopping - Costco,Groceries,114.76,Costco,debit
2025-09-09 06:04:58.635358,Bill payment - Internet Provider,Bills & Utilities,221.88,Internet Provider,credit
2025-09-09 07:39:58.635358,Gas purchase - Chevron,Gas,76.3,Chevron,debit
2025-09-10 01:55:58.635358,Grocery shopping - Costco,Groceries,62.6,Costco,debit
2025-09-10 03:33:58.635358,Purchase at Pizza Hut,Food & Dining,19.37,Pizza Hut,debit
2025-09-13 06:35:58.635358,Education - Bookstore,Education,223.37,Bookstore,debit
2025-09-13 09:52:58.635358,Purchase at Starbucks,Food & Dining,23.59,Starbucks,credit
2025-09-13 12:20:58.635358,Subscription - Arcade,Entertainment,50.06,Arcade,debit
2025-09-13 23:03:58.635358,Transaction - ATM Withdrawal,Other,14.8,ATM Withdrawal,debit
2025-09-15 01:04:58.635358,Travel expense - Rental Car,Travel,338.34,Rental Car,debit
2025-09-15 01:59:58.635358,Education - Online Course,Education,178.73,Online Course,debit
2025-09-15 08:31:58.635358,Housing payment - Property Management,Rent/Mortgage,1337.77,Property Management,debit
2025-09-16 02:51:58.635358,Lyft ride,Transportation,14.44,Lyft,debit
2025-09-16 22:55:58.635358,Bill payment - Electric Company,Bills & Utilities,50.05,Electric Company,debit
2025-09-18 00:32:58.635358,Purchase at McDonald's,Food & Dining,36.94,McDonald's,credit
2025-09-18 03:03:58.635358,Online purchase - Target,Shopping,128.34,Target,debit
2025-09-18 12:59:58.635358,Grocery shopping - Safeway,Groceries,105.53,Safeway,debit
2025-09-18 22:24:58.635358,Purchase at Pizza Hut,Food & Dining,8.26,Pizza Hut,debit
2025-09-19 03:58:58.635358,Purchase at McDonald's,Food & Dining,9.16,McDonald's,debit
2025-09-19 23:02:58.635358,Online purchase - Nike,Shopping,121.06,Nike,debit
2025-09-21 03:03:58.635358,Medical expense - Doctor Visit,Healthcare,279.69,Doctor Visit,debit
2025-09-21 09:01:58.635358,Insurance payment - Life Insurance,Insurance,132.31,Life Insurance,debit
2025-09-21 11:33:58.635358,Subscription - Netflix,Entertainment,41.5,Netflix,credit
2025-09-22 03:26:58.635358,Bill payment - Phone Bill,Bills & Utilities,150.15,Phone Bill,debit
2025-09-23 06:21:58.635358,Bill payment - Cable,Bills & Utilities,272.15,Cable,debit
2025-09-24 07:01:58.635358,Uber ride,Transportation,17.27,Uber,credit
2025-09-24 09:22:58.635358,Parking ride,Transportation,4.75,Parking,debit
2025-09-24 09:25:58.635358,Medical expense - Doctor Visit,Healthcare,196.24,Doctor Visit,debit
2025-09-24 23:56:58.635358,Online purchase - Zara,Shopping,61.22,Zara,debit
2025-09-25 05:07:58.635358,Online purchase - Walmart,Shopping,191.94,Walmart,debit
2025-09-25 10:01:58.635358,Toll Road ride,Transportation,9.69,Toll Road,debit
2025-09-26 05:42:58.635358,Housing payment - Mortgage Company,Rent/Mortgage,1037.04,Mortgage Company,debit
2025-09-27 00:30:58.635358,Medical expense - Urgent Care,Healthcare,239.93,Urgent Care,credit
2025-09-27 05:37:58.635358,Lyft ride,Transportation,9.88,Lyft,debit
2025-09-27 11:26:58.635358,Transaction - Cash,Other,40.07,Cash,debit
2025-09-27 11:49:58.635358,Toll Road ride,Transportation,8.03,Toll Road,debit
2025-09-27 23:05:58.635358,Housing payment - Property Management,Rent/Mortgage,1174.12,Property Management,debit
2025-09-28 08:47:58.635358,Toll Road ride,Transportation,14.28,Toll Road,debit
2025-09-29 06:44:58.635358,Education - Training,Education,498.34,Training,debit
2025-09-29 08:49:58.635358,Gas purchase - Shell,Gas,56.16,Shell,debit
2025-09-29 08:50:58.635358,Bill payment - Phone Bill,Bills & Utilities,68.67,Phone Bill,credit
2025-09-29 09:06:58.635358,Subscription - Spotify,Entertainment,81.66,Spotify,credit
2025-09-29 22:57:58.635358,Grocery shopping - Costco,Groceries,99.98,Costco,debit
2025-09-30 05:54:58.635358,Travel expense - Airline,Travel,137.97,Airline,credit
2025-09-30 09:21:58.635358,Bill payment - Phone Bill,Bills & Utilities,262.05,Phone Bill,debit
2025-10-01 02:58:58.635358,Purchase at Food Truck,Food & Dining,18.13,Food Truck,credit
2025-10-01 06:19:58.635358,Purchase at Food Truck,Food & Dining,16.06,Food Truck,debit
2025-10-01 08:24:58.635358,Travel expense - Travel Insurance,Travel,708.54,Travel Insurance,debit
2025-10-01 22:38:58.635358,Subscription - Spotify,Entertainment,88.95,Spotify,debit
2025-10-02 06:51:58.635358,Purchase at Chipotle,Food & Dining,40.07,Chipotle,debit
2025-10-03 03:31:58.635358,Bill payment - Internet Provider,Bills & Utilities,274.73,Internet Provider,debit
2025-10-03 07:44:58.635358,Metro ride,Transportation,10.24,Metro,debit
2025-10-04 10:30:58.635358,Subscription - Movie Theater,Entertainment,15.03,Movie Theater,debit
2025-10-05 22:12:58.635358,Purchase at Pizza Hut,Food & Dining,23.69,Pizza Hut,debit
2025-10-06 04:20:58.635358,Bill payment - Electric Company,Bills & Utilities,199.29,Electric Company,debit
2025-10-06 05:17:58.635358,Gas purchase - Exxon,Gas,59.32,Exxon,debit
2025-10-06 11:12:58.635358,Grocery shopping - Costco,Groceries,71.83,Costco,debit
2025-10-06 23:10:58.635358,Subscription - Netflix,Entertainment,92.53,Netflix,debit
2025-10-07 05:15:58.635358,Gas purchase - Local Gas Station,Gas,28.95,Local Gas Station,debit
2025-10-07 12:12:58.635358,Bill payment - Electric Company,Bills & Utilities,168.07,Electric Company,debit
2025-10-07 23:02:58.635358,Bill payment - Water Bill,Bills & Utilities,265.98,Water Bill,debit
2025-10-08 03:08:58.635358,Transaction - Cash,Other,11.97,Cash,debit
2025-10-08 05:58:58.635358,Online purchase - Amazon,Shopping,16.65,Amazon,debit
