date,description,category,amount,merchant,type
2024-10-01,Salary Deposit,Income,4500.00,Employer,credit
2024-10-01,Rent Payment,Rent/Mortgage,1200.00,Landlord,debit
2024-10-02,Grocery Shopping,Groceries,85.50,Kroger,debit
2024-10-02,Gas Station,Gas,45.00,Shell,debit
2024-10-03,Coffee Shop,Food & Dining,12.75,Starbucks,debit
2024-10-04,Netflix Subscription,Entertainment,15.99,Netflix,debit
2024-10-05,Electric Bill,Bills & Utilities,125.00,Electric Company,debit
2024-10-06,Restaurant Dinner,Food & Dining,67.50,Local Restaurant,debit
2024-10-07,Uber Ride,Transportation,18.75,Uber,debit
2024-10-08,Target Shopping,Shopping,145.30,Target,debit
2024-10-09,Gym Membership,Healthcare,29.99,Gym,debit
2024-10-10,Phone Bill,Bills & Utilities,85.00,Phone Company,debit
2024-10-11,Lunch,Food & Dining,22.50,Chipotle,debit
2024-10-12,Insurance Payment,Insurance,180.00,Insurance Company,debit
2024-10-13,Movie Tickets,Entertainment,24.00,AMC Theater,debit
2024-10-14,Grocery Shopping,Groceries,92.25,Whole Foods,debit
2024-10-15,Gas Station,Gas,38.50,BP,debit
2024-10-16,Coffee,Food & Dining,8.75,Coffee Shop,debit
2024-10-17,Amazon Purchase,Shopping,89.99,Amazon,debit
2024-10-18,Water Bill,Bills & Utilities,45.00,Water Company,debit
2024-10-19,Restaurant,Food & Dining,45.60,Pizza Hut,debit
2024-10-20,Gas Station,Gas,42.00,Exxon,debit
2024-10-21,Spotify Subscription,Entertainment,9.99,Spotify,debit
2024-10-22,Grocery Shopping,Groceries,78.90,Safeway,debit
2024-10-23,Doctor Visit,Healthcare,150.00,Medical Center,debit
2024-10-24,Lunch,Food & Dining,15.25,McDonald's,debit
2024-10-25,Internet Bill,Bills & Utilities,65.00,Internet Provider,debit
2024-10-26,Shopping Mall,Shopping,120.45,Mall Store,debit
2024-10-27,Gas Station,Gas,40.75,Chevron,debit
2024-10-28,Coffee,Food & Dining,6.50,Local Cafe,debit
2024-10-29,Netflix Subscription,Entertainment,15.99,Netflix,debit
2024-10-30,Grocery Shopping,Groceries,95.80,Trader Joe's,debit
2024-10-31,Salary Deposit,Income,4500.00,Employer,credit
